"Date","Price","Open","High","Low","Vol.","Change %"
"03/29/2026","9.85","10.10","10.18","9.72","996.57K","-1.40%"
"03/22/2026","9.99","9.98","10.34","9.84","1.94M","1.52%"
"03/15/2026","9.84","10.07","10.16","9.70","1.38M","-2.38%"
"03/08/2026","10.08","10.10","10.90","10.00","6.85M","1.61%"
"03/01/2026","9.92","9.48","10.45","8.80","1.15M","2.69%"
"02/22/2026","9.66","10.13","10.18","9.53","864.32K","-4.92%"
"02/15/2026","10.16","10.26","10.45","10.11","1.89M","-0.20%"
"02/08/2026","10.18","10.15","10.53","10.01","2.11M","0.89%"
"02/01/2026","10.09","9.90","10.30","9.78","1.20M","2.75%"
"01/25/2026","9.82","10.26","10.50","9.78","1.19M","-4.29%"
"01/18/2026","10.26","9.80","10.67","9.70","2.46M","5.56%"
"01/11/2026","9.72","10.32","10.42","9.71","1.49M","-4.71%"
"01/04/2026","10.20","10.24","10.43","9.98","776.77K","0.00%"
"12/28/2025","10.20","10.50","10.60","10.16","1.33M","-2.76%"
"12/21/2025","10.49","10.40","10.97","10.39","2.65M","0.87%"
"12/14/2025","10.40","10.30","11.00","10.01","4.34M","1.56%"
"12/07/2025","10.24","9.85","10.34","9.61","1.91M","4.49%"
"11/30/2025","9.80","9.90","10.08","9.76","1.00M","-0.51%"
"11/23/2025","9.85","10.46","10.70","9.82","1.22M","-5.74%"
"11/16/2025","10.45","10.87","10.87","10.38","1.86M","-3.69%"
"11/09/2025","10.85","11.22","11.59","10.81","2.61M","-3.12%"
"11/02/2025","11.20","11.33","11.44","10.81","1.90M","-1.15%"
"10/26/2025","11.33","11.55","11.78","11.25","2.12M","-1.65%"
"10/19/2025","11.52","11.00","11.89","10.95","6.07M","5.11%"
"10/12/2025","10.96","11.04","11.20","10.89","2.13M","-0.54%"
"10/05/2025","11.02","10.41","11.40","10.38","4.77M","5.66%"
"09/28/2025","10.43","10.81","10.90","10.37","2.58M","-6.37%"
"09/21/2025","11.14","10.70","11.45","10.70","3.84M","2.39%"
"09/14/2025","10.88","11.49","11.54","10.68","3.11M","-5.56%"
"09/07/2025","11.52","11.65","12.40","11.10","7.95M","-0.26%"
"08/31/2025","11.55","9.82","11.96","9.82","13.97M","17.98%"
"08/24/2025","9.79","9.68","10.08","9.65","1.95M","1.45%"
"08/17/2025","9.65","9.40","10.22","9.25","4.08M","3.54%"
"08/10/2025","9.32","9.35","9.66","9.13","1.74M","1.64%"
"08/03/2025","9.17","9.44","9.60","9.03","1.61M","-0.65%"
"07/27/2025","9.23","10.00","10.07","9.10","1.15M","-7.14%"
"07/20/2025","9.94","10.13","10.60","9.75","1.89M","-0.95%"
"07/13/2025","10.03","10.35","10.50","10.01","2.22M","-2.19%"
"07/06/2025","10.26","10.25","10.94","10.22","4.71M","0.07%"
"06/29/2025","10.25","9.45","10.45","9.34","9.88M","11.14%"
"06/22/2025","9.23","8.06","9.23","7.95","2.00M","13.78%"
"06/15/2025","8.11","8.53","8.63","7.14","1.04M","-9.01%"
"06/08/2025","8.91","8.98","9.19","8.87","1.31M","-0.34%"
"06/01/2025","8.94","8.54","9.25","8.48","4.37M","5.49%"
"05/25/2025","8.48","8.44","8.55","8.37","892.81K","0.36%"
"05/18/2025","8.44","8.57","8.63","8.28","726.81K","-1.31%"
"05/11/2025","8.56","8.66","8.76","8.48","1.32M","0.26%"
"05/04/2025","8.53","8.57","8.96","8.40","3.90M","-0.35%"
"04/27/2025","8.56","8.70","9.02","8.55","3.42M","-0.70%"
"04/20/2025","8.63","8.15","8.74","8.14","2.33M","5.99%"
"04/13/2025","8.14","8.25","8.32","8.10","1.06M","-0.46%"
"04/06/2025","8.18","8.18","8.25","7.84","1.41M","-2.24%"
"03/30/2025","8.36","8.38","8.45","8.32","195.05K","-0.18%"
"03/23/2025","8.38","8.27","8.53","8.17","1.29M","1.55%"
"03/16/2025","8.25","8.34","8.42","8.18","1.00M","-0.36%"
"03/09/2025","8.28","8.25","8.69","8.21","2.79M","0.73%"
"03/02/2025","8.22","8.51","8.51","8.11","892.88K","-2.58%"
"02/23/2025","8.44","8.40","8.79","8.39","2.54M","0.54%"
"02/16/2025","8.39","8.22","8.49","7.97","2.05M","2.10%"
"02/09/2025","8.22","8.58","8.58","7.66","1.74M","-3.18%"
"02/02/2025","8.49","8.90","8.98","8.48","1.77M","-3.33%"
"01/26/2025","8.78","8.98","9.19","8.67","2.56M","-0.76%"
"01/19/2025","8.85","9.10","9.35","8.77","2.75M","-2.16%"
"01/12/2025","9.05","9.07","9.19","8.48","3.00M","-0.17%"
"01/05/2025","9.06","8.81","9.56","8.70","3.76M","3.07%"
"12/29/2024","8.79","8.89","8.89","8.36","951.65K","0.34%"
"12/22/2024","8.76","9.00","9.20","8.63","2.59M","-2.26%"
"12/15/2024","8.96","9.18","9.41","8.77","2.74M","-1.16%"
"12/08/2024","9.07","10.50","10.65","9.00","7.17M","-13.58%"
"12/01/2024","10.49","10.31","10.87","9.83","5.61M","3.40%"
"11/24/2024","10.15","9.86","10.43","9.61","4.36M","3.20%"
"11/17/2024","9.83","9.07","10.25","9.07","9.91M","7.81%"
"11/10/2024","9.12","8.85","9.30","8.85","1.91M","3.14%"
"11/03/2024","8.84","9.06","9.23","8.70","1.96M","-2.32%"
"10/27/2024","9.05","9.31","9.67","8.91","4.30M","-2.66%"
"10/20/2024","9.30","8.35","9.79","8.02","20.90M","11.61%"
"10/13/2024","8.33","8.37","8.59","7.84","3.76M","1.46%"
"10/06/2024","8.21","8.32","8.70","7.99","2.92M","-1.35%"
"09/29/2024","8.32","8.58","8.75","8.11","2.79M","-2.80%"
"09/22/2024","8.56","8.68","8.89","8.32","7.41M","-0.70%"
"09/15/2024","8.63","8.51","8.77","7.97","5.24M","1.77%"
"09/08/2024","8.48","8.44","9.35","8.25","16.88M","0.00%"
"09/01/2024","8.48","6.55","9.15","6.35","19.22M","29.44%"
"08/25/2024","6.55","6.00","6.80","5.92","8.37M","11.92%"
"08/18/2024","5.85","5.41","5.86","5.32","2.65M","7.73%"
"08/11/2024","5.43","5.24","5.49","5.19","1.62M","4.62%"
"08/04/2024","5.19","5.18","5.40","4.91","1.98M","-2.67%"
"07/28/2024","5.33","5.27","5.55","5.18","1.66M","1.86%"
"07/21/2024","5.24","5.28","5.40","5.19","2.01M","-1.69%"
"07/14/2024","5.32","4.91","5.34","4.84","3.17M","10.25%"
"07/07/2024","4.83","4.95","5.06","4.78","1.88M","-1.83%"
"06/30/2024","4.92","4.88","5.18","4.88","2.78M","1.39%"
"06/23/2024","4.85","4.69","4.93","4.58","2.59M","4.35%"
"06/09/2024","4.65","4.53","4.72","4.36","1.76M","2.99%"
"06/02/2024","4.51","4.57","4.80","4.46","2.80M","-0.82%"
"05/26/2024","4.55","4.65","4.76","4.50","1.50M","-2.10%"
"05/19/2024","4.65","4.54","4.85","4.54","2.32M","3.68%"
"05/12/2024","4.49","4.50","4.61","4.11","1.44M","-0.17%"
"05/05/2024","4.49","4.57","4.65","4.46","766.85K","-1.80%"
"04/28/2024","4.57","4.95","4.95","4.33","1.62M","-7.01%"
"04/21/2024","4.92","5.41","5.62","4.74","1.82M","-9.02%"
"04/14/2024","5.41","5.64","5.86","5.25","3.78M","-4.12%"
"04/07/2024","5.64","5.63","5.70","5.48","1.13M","0.27%"
"03/31/2024","5.63","6.07","6.38","5.44","4.35M","-7.29%"
"03/24/2024","6.07","6.20","6.43","6.00","2.14M","-2.18%"
"03/17/2024","6.20","6.41","6.53","5.26","2.19M","-3.27%"
"03/10/2024","6.41","6.61","6.82","6.32","1.92M","-3.06%"
"03/03/2024","6.61","6.66","7.11","6.38","3.15M","-0.68%"
"02/25/2024","6.66","7.20","7.13","6.41","3.82M","-7.50%"
"02/18/2024","7.20","6.95","7.37","6.97","5.83M","3.67%"
"02/11/2024","6.95","6.89","7.19","6.65","3.05M","0.87%"
"02/04/2024","6.89","7.03","7.14","6.76","2.32M","-2.03%"
"01/28/2024","7.03","7.09","7.43","6.38","6.25M","0.11%"
"01/21/2024","7.02","6.74","7.57","6.68","12.95M","5.88%"
"01/14/2024","6.63","6.68","6.94","6.53","6.26M","0.45%"
"01/07/2024","6.60","6.42","6.86","6.41","8.67M","4.02%"
"12/31/2023","6.34","6.07","6.47","6.01","5.89M","4.32%"
"12/24/2023","6.08","5.95","6.23","5.63","4.27M","4.38%"
"12/17/2023","5.83","5.95","6.18","5.80","3.43M","-1.15%"
"12/10/2023","5.89","5.96","6.00","5.55","3.66M","-0.88%"
"12/03/2023","5.95","6.08","6.20","5.92","5.45M","-1.61%"
"11/26/2023","6.05","6.34","6.34","5.93","5.31M","-3.59%"
"11/19/2023","6.27","6.28","6.58","6.26","8.44M","0.36%"
"11/12/2023","6.25","6.25","6.41","6.07","6.87M","0.36%"
"11/05/2023","6.22","6.27","6.47","6.07","5.29M","0.97%"
"10/29/2023","6.16","6.68","6.69","6.07","8.23M","-6.59%"
"10/22/2023","6.60","5.94","7.17","5.90","23.63M","11.11%"
"10/15/2023","5.94","5.84","6.26","5.83","20.00M","2.33%"
"10/08/2023","5.80","5.74","5.84","5.04","10.83M","1.04%"
"10/01/2023","5.74","5.79","6.49","5.70","17.39M","0.52%"
"09/24/2023","5.72","5.45","5.74","5.29","13.65M","6.13%"
"09/17/2023","5.39","5.05","5.59","5.03","13.71M","7.00%"
"09/10/2023","5.03","5.17","5.20","4.97","4.32M","-0.89%"
"09/03/2023","5.08","4.64","5.43","4.55","15.96M","9.37%"
"08/27/2023","4.64","4.78","4.78","4.62","2.85M","-1.43%"
"08/20/2023","4.71","4.50","4.84","4.50","8.06M","5.90%"
"08/13/2023","4.45","4.55","4.69","4.43","4.64M","-1.17%"
"08/06/2023","4.50","4.39","4.59","4.36","2.88M","2.92%"
"07/30/2023","4.37","4.46","4.50","4.31","1.71M","-1.19%"
"07/23/2023","4.43","4.66","4.69","4.39","2.91M","-4.07%"
"07/16/2023","4.61","4.24","4.78","4.06","6.68M","9.82%"
"07/09/2023","4.20","4.20","4.27","4.05","1.36M","0.90%"
"07/02/2023","4.16","4.40","4.49","4.14","1.52M","-5.13%"
"06/25/2023","4.39","4.53","4.54","4.25","1.62M","-1.85%"
"06/18/2023","4.47","4.62","4.72","4.43","1.52M","-2.77%"
"06/11/2023","4.60","4.57","4.99","4.57","3.39M","0.49%"
"06/04/2023","4.57","4.76","4.84","4.56","2.77M","-3.63%"
"05/28/2023","4.75","4.76","4.99","4.66","6.40M","1.44%"
"05/21/2023","4.68","4.38","5.03","4.31","7.01M","8.15%"
"05/14/2023","4.33","4.43","4.50","4.24","2.08M","-1.37%"
"05/07/2023","4.39","4.21","4.53","4.20","1.66M","2.99%"
"04/30/2023","4.26","4.56","4.58","4.14","1.55M","-5.65%"
"04/23/2023","4.51","4.61","4.61","4.35","1.50M","-0.17%"
"04/16/2023","4.52","4.49","4.64","4.46","1.60M","-8.08%"
"04/09/2023","4.92","4.81","5.03","4.76","4.18M","2.34%"
"04/02/2023","4.81","4.28","4.90","4.28","2.73M","7.91%"
"03/26/2023","4.45","4.34","4.67","4.31","2.92M","3.30%"
"03/19/2023","4.31","4.21","4.39","3.90","1.71M","4.74%"
"03/12/2023","4.12","4.49","4.61","3.73","2.05M","-6.95%"
"03/05/2023","4.43","4.66","4.66","4.24","1.64M","-3.75%"
"02/26/2023","4.60","4.46","5.24","4.34","5.74M","6.09%"
"02/19/2023","4.33","4.15","4.37","3.92","5.26M","5.15%"
"02/12/2023","4.12","3.95","4.23","3.72","3.23M","5.15%"
"02/05/2023","3.92","3.71","4.01","3.40","3.08M","7.11%"
"01/29/2023","3.66","4.20","4.24","3.56","5.38M","-13.01%"
"01/22/2023","4.21","4.51","5.04","4.09","6.91M","-4.37%"
"01/15/2023","4.40","3.14","4.61","3.14","16.80M","40.04%"
"01/08/2023","3.14","3.30","3.32","3.05","3.30M","-4.16%"
"01/01/2023","3.28","3.16","3.69","3.03","7.40M","5.04%"
"12/25/2022","3.12","2.66","3.16","2.61","6.83M","15.63%"
"12/18/2022","2.70","2.55","2.81","2.51","6.97M","7.56%"
"12/11/2022","2.51","2.60","2.67","2.47","7.72M","-0.88%"
"12/04/2022","2.53","2.31","2.64","2.31","10.56M","11.04%"
"11/27/2022","2.28","2.23","2.29","2.19","3.37M","3.45%"
"11/20/2022","2.20","2.23","2.28","2.19","1.82M","-1.21%"
"11/13/2022","2.23","2.20","2.28","2.15","993.65K","1.69%"
"11/06/2022","2.19","2.29","2.29","2.11","1.63M","-4.18%"
"10/30/2022","2.29","2.34","2.39","2.28","2.20M","-1.53%"
"10/23/2022","2.32","2.39","2.50","2.29","5.62M","-2.63%"
"10/16/2022","2.39","1.70","2.63","1.70","12.71M","44.53%"
"10/09/2022","1.65","1.66","1.70","1.64","586.92K","-0.38%"
"10/02/2022","1.66","1.68","1.73","1.59","744.89K","-2.86%"
"09/25/2022","1.71","1.65","1.70","1.65","285.39K","0.00%"
"09/18/2022","1.71","1.75","1.75","1.62","267.63K","0.00%"
"09/11/2022","1.71","1.74","1.76","1.68","812.26K","-2.04%"
"09/04/2022","1.74","1.77","1.79","1.73","1.83M","-2.06%"
"08/28/2022","1.78","1.80","1.81","1.70","520.05K","-1.33%"
"08/21/2022","1.80","1.79","1.85","1.78","942.94K","0.35%"
"08/14/2022","1.80","1.68","1.86","1.68","1.88M","8.19%"
"08/07/2022","1.66","1.64","1.74","1.57","742.70K","3.85%"
"07/31/2022","1.60","1.62","1.65","1.56","207.02K","0.00%"
"07/24/2022","1.60","1.45","1.62","1.45","6.06M","9.89%"
"07/17/2022","1.46","1.46","1.48","1.39","98.95K","0.00%"
"07/03/2022","1.46","1.43","1.43","1.40","277.56K","0.00%"
"06/26/2022","1.46","1.47","1.48","1.41","122.74K","0.00%"
"06/19/2022","1.46","1.44","1.47","1.42","112.44K","0.00%"
"06/12/2022","1.46","1.49","1.49","1.44","121.19K","0.00%"
"06/05/2022","1.46","1.46","1.49","1.45","233.95K","0.00%"
"05/29/2022","1.46","1.41","1.51","1.41","536.93K","1.22%"
"05/22/2022","1.44","1.47","1.50","1.41","582.34K","-6.01%"
"05/15/2022","1.53","1.53","1.55","1.49","535.63K","1.44%"
"05/08/2022","1.51","1.49","1.58","1.49","1.91M","1.28%"
"04/24/2022","1.49","1.57","1.57","1.49","1.41M","-4.59%"
"04/17/2022","1.56","1.71","1.78","1.53","2.73M","-8.93%"
"04/10/2022","1.71","1.76","1.77","1.70","849.32K","-2.21%"
"04/03/2022","1.75","1.77","1.77","1.74","619.35K","-1.11%"
"03/27/2022","1.77","1.75","1.79","1.70","1.06M","1.12%"
"03/20/2022","1.75","1.65","1.79","1.65","1.15M","4.50%"
"03/13/2022","1.68","1.64","1.70","1.63","640.15K","0.89%"
"03/06/2022","1.66","1.66","1.66","1.60","385.62K","0.00%"
"02/27/2022","1.66","1.47","1.67","1.46","2.51M","14.70%"
"02/20/2022","1.45","1.50","1.54","1.41","341.22K","-9.52%"
"02/13/2022","1.60","1.57","1.57","1.44","575.51K","0.00%"
"02/06/2022","1.60","1.57","1.61","1.55","182.77K","0.00%"
"01/30/2022","1.60","1.55","1.63","1.55","419.46K","0.00%"
"01/23/2022","1.60","1.57","1.59","1.54","386.02K","0.00%"
"01/16/2022","1.60","1.60","1.64","1.55","497.51K","-2.43%"
"01/09/2022","1.64","1.55","1.67","1.53","866.12K","10.36%"
"01/02/2022","1.49","1.54","1.58","1.53","306.42K","0.00%"
"12/26/2021","1.49","1.54","1.59","1.51","309.25K","0.00%"
"12/19/2021","1.49","1.51","1.55","1.48","419.56K","0.00%"
"12/12/2021","1.49","1.49","1.51","1.47","629.49K","2.64%"
"12/05/2021","1.45","1.47","1.51","1.43","503.48K","-1.55%"
"11/28/2021","1.47","1.42","1.58","1.42","1.20M","3.40%"
"11/21/2021","1.42","1.40","1.45","1.36","490.04K","-0.74%"
"11/14/2021","1.43","1.45","1.46","1.38","1.36M","0.00%"
"11/07/2021","1.43","1.38","1.46","1.38","870.45K","3.22%"
"10/31/2021","1.38","1.42","1.51","1.38","971.81K","-2.98%"
"10/24/2021","1.43","1.57","1.66","1.41","4.14M","-7.34%"
"10/17/2021","1.54","1.59","1.59","1.50","845.52K","-3.33%"
"10/10/2021","1.59","1.59","1.60","1.54","183.90K","0.00%"
"10/03/2021","1.59","1.59","1.68","1.59","321.24K","0.00%"
"09/26/2021","1.59","1.60","1.61","1.59","951.42K","-2.98%"
"09/19/2021","1.64","1.68","1.69","1.49","3.95M","-3.28%"
"09/12/2021","1.70","1.68","1.74","1.67","1.07M","0.44%"
"09/05/2021","1.69","1.83","1.87","1.66","1.62M","-8.51%"
"08/29/2021","1.85","1.90","2.00","1.81","2.86M","-3.74%"
"08/22/2021","1.92","1.98","2.12","1.86","3.48M","-4.04%"
"08/15/2021","2.00","1.89","2.19","1.87","5.74M","8.22%"
"08/08/2021","1.85","1.86","1.90","1.81","2.54M","0.84%"
"08/01/2021","1.83","1.85","2.02","1.75","5.17M","0.47%"
"07/25/2021","1.82","1.79","1.89","1.70","5.28M","4.92%"
"07/18/2021","1.74","1.75","1.75","1.71","809.79K","0.00%"
"07/11/2021","1.74","1.60","1.82","1.56","3.37M","4.36%"
"07/04/2021","1.67","1.80","1.90","1.65","4.24M","-5.93%"
"06/27/2021","1.77","1.72","1.81","1.65","5.00M","7.43%"
"06/20/2021","1.65","1.70","1.72","1.59","3.64M","-1.02%"
"06/13/2021","1.67","1.56","1.70","1.49","2.25M","5.68%"
"06/06/2021","1.58","1.65","1.72","1.56","2.44M","-4.56%"
"05/30/2021","1.65","1.65","1.75","1.64","2.00M","-2.56%"
"05/23/2021","1.70","1.78","1.81","1.55","2.97M","-1.69%"
"05/16/2021","1.73","1.59","1.78","1.51","5.34M","4.63%"
"05/09/2021","1.65","1.58","1.73","1.58","4.26M","7.14%"
"05/02/2021","1.54","1.35","1.58","1.34","4.68M","13.23%"
"04/25/2021","1.36","1.36","1.42","1.34","2.36M","-8.20%"
"04/18/2021","1.48","1.48","1.51","1.42","2.23M","5.88%"
"04/11/2021","1.40","1.49","1.59","1.34","3.28M","-2.98%"
"04/04/2021","1.44","1.54","1.57","1.35","4.18M","-2.62%"
"03/28/2021","1.48","1.40","1.51","1.38","5.03M","10.76%"
"03/21/2021","1.34","1.55","1.55","1.24","5.36M","-14.26%"
"03/14/2021","1.56","1.73","1.75","1.49","2.58M","-11.85%"
"03/07/2021","1.77","1.91","1.96","1.73","2.85M","-4.03%"
"02/28/2021","1.84","2.23","2.23","1.79","7.50M","-17.66%"
"02/21/2021","2.24","1.94","2.33","1.94","15.65M","17.13%"
"02/14/2021","1.91","2.02","2.12","1.75","14.48M","-6.81%"
"02/07/2021","2.05","1.96","2.09","1.86","5.10M","11.16%"
"01/31/2021","1.85","1.53","1.92","1.44","5.02M","23.97%"
"01/24/2021","1.49","1.43","1.54","1.41","302.23K","4.12%"
"01/17/2021","1.43","1.44","1.49","1.38","956.92K","-1.10%"
"01/10/2021","1.45","1.37","1.49","1.33","991.34K","9.80%"
"01/03/2021","1.32","1.34","1.37","1.30","350.04K","-1.90%"
"12/27/2020","1.34","1.31","1.41","1.29","697.68K","1.57%"
"12/20/2020","1.32","1.35","1.38","1.19","785.97K","-6.04%"
"12/13/2020","1.41","1.50","1.56","1.34","849.75K","-8.78%"
"12/06/2020","1.54","1.68","1.68","1.50","741.80K","-6.17%"
"11/29/2020","1.64","1.60","1.75","1.53","3.28M","0.45%"
"11/22/2020","1.64","1.66","1.81","1.57","2.00M","8.52%"
"11/15/2020","1.51","1.50","1.55","1.33","1.09M","-0.42%"
"11/08/2020","1.51","1.30","1.57","1.24","1.12M","22.94%"
"11/01/2020","1.23","1.24","1.25","1.22","55.74K","-2.19%"
"10/25/2020","1.26","1.29","1.33","1.25","487.29K","-1.74%"
"10/18/2020","1.28","1.33","1.37","1.23","230.41K","-8.46%"
"10/11/2020","1.40","1.34","1.43","1.33","180.66K","1.46%"
"10/04/2020","1.38","1.35","1.45","1.32","215.57K","3.63%"
"09/27/2020","1.33","1.35","1.38","1.30","1.58M","-0.71%"
"09/20/2020","1.34","1.26","1.34","1.25","193.59K","2.48%"
"09/13/2020","1.31","1.32","1.32","1.30","117.59K","-0.65%"
"09/06/2020","1.32","1.33","1.35","1.32","730.48K","-1.94%"
"08/30/2020","1.34","1.34","1.36","1.31","88.80K","0.00%"
"08/23/2020","1.34","1.30","1.38","1.30","180.62K","1.24%"
"08/16/2020","1.33","1.55","1.55","1.29","700.15K","-13.91%"
"08/09/2020","1.54","1.43","1.58","1.43","54.63K","8.64%"
"08/02/2020","1.42","1.39","1.42","1.39","66.53K","9.91%"
"07/26/2020","1.29","1.30","1.30","1.29","3.05K","0.00%"
"07/19/2020","1.29","1.29","1.37","1.25","97.54K","0.00%"
"07/12/2020","1.29","1.32","1.39","1.28","304.90K","0.45%"
"07/05/2020","1.29","1.32","1.32","1.25","160.09K","0.00%"
"06/28/2020","1.29","1.30","1.32","1.27","35.85K","0.00%"
"06/21/2020","1.29","1.29","1.31","1.22","142.64K","5.63%"
"06/14/2020","1.22","1.30","1.33","1.18","204.27K","-3.66%"
"06/07/2020","1.26","1.29","1.47","1.19","407.69K","-11.43%"
"05/31/2020","1.43","1.09","1.47","1.09","128.05K","27.90%"
"05/17/2020","1.12","1.12","1.12","1.12","247.37K","1.20%"
"05/10/2020","1.10","1.08","1.12","1.08","57.02K","-3.26%"
"05/03/2020","1.14","1.12","1.15","1.12","179.51K","-2.68%"
"04/26/2020","1.17","1.14","1.22","1.07","105.47K","2.56%"
"04/19/2020","1.14","1.12","1.14","1.10","120.48K","0.84%"
"04/12/2020","1.13","1.06","1.14","1.06","231.05K","7.30%"
"04/05/2020","1.05","1.09","1.09","1.06","1.81K","0.00%"
"03/29/2020","1.05","1.09","1.09","1.01","68.20K","4.53%"
"03/22/2020","1.01","0.98","1.10","0.98","81.89K","7.83%"
"03/15/2020","0.94","1.01","1.01","0.91","175.50K","-11.90%"
"03/08/2020","1.06","1.06","1.06","1.01","176.67K","0.00%"
"03/01/2020","1.07","1.07","1.07","1.06","125.86K","-8.97%"
"02/23/2020","1.17","1.12","1.19","1.07","5.69K","0.00%"
"02/16/2020","1.17","1.07","1.17","1.07","19.15K","0.00%"
"02/09/2020","1.17","1.17","1.17","1.17","30.13K","0.00%"
"02/02/2020","1.17","1.16","1.20","1.09","74.98K","7.21%"
"01/26/2020","1.09","1.18","1.20","1.09","75.98K","0.00%"
"01/19/2020","1.09","1.17","1.17","1.06","55.89K","-6.56%"
"01/12/2020","1.17","1.16","1.18","1.15","56.77K","4.97%"
"01/05/2020","1.11","1.17","1.17","1.11","48.36K","0.00%"
"12/29/2019","1.11","1.12","1.17","1.12","9.58K","0.00%"
"12/22/2019","1.11","1.16","1.16","1.16","5.40K","0.00%"
"12/15/2019","1.11","1.17","1.22","1.09","51.12K","-6.15%"
"12/08/2019","1.18","1.19","1.24","1.18","67.94K","-5.15%"
"12/01/2019","1.25","1.19","1.26","1.12","20.54K","0.00%"
"11/24/2019","1.25","1.17","1.24","1.17","13.09K","0.00%"
"11/17/2019","1.25","1.27","1.27","1.13","28.02K","0.00%"
"11/10/2019","1.25","1.25","1.25","1.25","6.50K","0.00%"
"11/03/2019","1.25","1.27","1.27","1.25","9.74K","0.00%"
"10/27/2019","1.25","1.29","1.29","1.23","234.04K","1.38%"
"10/20/2019","1.23","1.22","1.26","1.22","39.17K","-1.70%"
"10/13/2019","1.25","1.22","1.22","1.22","6.59K","0.00%"
"10/06/2019","1.25","1.25","1.27","1.22","63.76K","2.92%"
"09/29/2019","1.22","1.28","1.28","1.22","23.20K","0.00%"
"09/22/2019","1.22","1.32","1.33","1.19","130.74K","-10.86%"
"09/15/2019","1.36","1.38","1.38","1.32","3.28K","0.00%"
"09/08/2019","1.36","1.35","1.38","1.33","1.00M","0.82%"
"09/01/2019","1.35","1.38","1.38","1.33","168.68K","1.96%"
"08/25/2019","1.33","1.35","1.41","1.27","3.70M","-1.96%"
"08/18/2019","1.35","1.32","1.36","1.28","2.50M","7.96%"
"08/11/2019","1.25","1.27","1.28","1.27","20.96K","0.00%"
"08/04/2019","1.25","1.26","1.35","1.26","27.15K","0.00%"
"07/28/2019","1.25","1.27","1.27","1.13","34.61K","0.00%"
"07/21/2019","1.25","1.26","1.27","1.26","2.49K","0.00%"
"07/14/2019","1.25","1.25","1.33","1.25","3.86K","0.00%"
"07/07/2019","1.25","1.33","1.33","1.24","37.13K","-3.59%"
"06/30/2019","1.30","1.35","1.35","1.27","7.42K","0.00%"
"06/16/2019","1.30","1.38","1.38","1.35","15.89K","0.00%"
"06/09/2019","1.30","1.33","1.33","1.33","9.79K","0.00%"
"06/02/2019","1.30","1.29","1.37","1.29","8.30K","0.00%"
"05/26/2019","1.30","1.27","1.30","1.27","39.51K","-0.57%"
"05/19/2019","1.31","1.20","1.27","1.19","17.59K","0.00%"
"05/12/2019","1.31","1.35","1.35","1.30","113.09K","-9.58%"
"05/05/2019","1.45","1.38","1.38","1.33","14.16K","0.00%"
"04/28/2019","1.45","1.39","1.39","1.39","0.94K","0.00%"
"04/21/2019","1.45","1.56","1.59","1.39","193.76K","-5.71%"
"04/14/2019","1.53","1.49","1.57","1.46","204.99K","1.98%"
"04/07/2019","1.51","1.59","1.59","1.49","133.39K","-3.21%"
"03/31/2019","1.55","1.59","1.65","1.51","361.11K","-2.59%"
"03/24/2019","1.60","1.62","1.65","1.51","78.80K","-3.22%"
"03/17/2019","1.65","1.65","1.69","1.61","95.70K","0.00%"
"03/10/2019","1.65","1.65","1.70","1.65","56.58K","0.74%"
"03/03/2019","1.64","1.70","1.70","1.63","85.72K","-5.71%"
"02/24/2019","1.74","1.78","1.80","1.70","55.57K","-2.09%"
"02/17/2019","1.78","1.79","1.79","1.75","115.49K","0.00%"
"02/10/2019","1.77","1.70","1.79","1.70","166.74K","3.15%"
"02/03/2019","1.72","1.69","1.73","1.69","206.96K","4.38%"
"01/27/2019","1.65","1.65","1.70","1.65","176.04K","2.21%"
"01/20/2019","1.61","1.55","1.62","1.54","54.85K","-3.68%"
"01/13/2019","1.67","1.67","1.70","1.52","59.35K","0.64%"
"01/06/2019","1.66","1.52","1.70","1.52","270.67K","8.07%"
"12/30/2018","1.54","1.54","1.57","1.51","55.29K","0.62%"
"12/23/2018","1.53","1.49","1.54","1.49","113.55K","2.53%"
"12/16/2018","1.49","1.51","1.54","1.49","57.90K","1.63%"
"12/09/2018","1.47","1.44","1.51","1.44","54.34K","-2.40%"
"12/02/2018","1.50","1.53","1.57","1.38","210.43K","-1.70%"
"11/25/2018","1.53","1.54","1.59","1.52","113.83K","-1.00%"
"11/18/2018","1.55","1.54","1.56","1.54","152.41K","0.00%"
"11/11/2018","1.55","1.54","1.59","1.54","252.16K","-1.35%"
"11/04/2018","1.57","1.51","1.59","1.51","23.52K","4.85%"
"10/28/2018","1.50","1.54","1.56","1.49","77.00K","-2.35%"
"10/21/2018","1.53","1.53","1.61","1.51","525.87K","0.00%"
"10/14/2018","1.53","1.54","1.57","1.51","69.37K","0.73%"
"10/07/2018","1.52","1.51","1.58","1.49","87.73K","-2.02%"
"09/30/2018","1.55","1.62","1.62","1.45","170.17K","-2.37%"
"09/23/2018","1.59","1.49","1.62","1.49","117.12K","5.35%"
"09/16/2018","1.51","1.69","1.69","1.47","223.33K","-11.21%"
"09/09/2018","1.70","1.84","1.84","1.70","143.86K","-5.27%"
"09/02/2018","1.79","1.77","1.88","1.64","664.63K","0.00%"
"08/26/2018","1.79","1.81","1.87","1.65","495.14K","6.58%"
"08/19/2018","1.68","1.57","1.72","1.57","281.23K","7.22%"
"08/12/2018","1.57","1.51","1.70","1.51","910.88K","6.85%"
"08/05/2018","1.47","1.44","1.54","1.41","260.37K","1.99%"
"07/29/2018","1.44","1.44","1.47","1.43","106.01K","-1.74%"
"07/22/2018","1.46","1.43","1.49","1.42","250.31K","1.10%"
"07/15/2018","1.45","1.49","1.49","1.38","354.37K","-1.84%"
"07/08/2018","1.47","1.46","1.50","1.36","238.39K","2.25%"
"07/01/2018","1.44","1.46","1.46","1.41","32.20K","0.52%"
"06/24/2018","1.43","1.49","1.51","1.43","89.80K","-3.54%"
"06/17/2018","1.49","1.44","1.49","1.44","123.92K","3.51%"
"06/10/2018","1.44","1.46","1.51","1.43","88.62K","2.77%"
"06/03/2018","1.40","1.59","1.59","1.36","264.66K","-9.30%"
"05/27/2018","1.54","1.59","1.62","1.54","294.17K","-3.27%"
"05/20/2018","1.59","1.59","1.65","1.57","60.71K","0.00%"
"05/13/2018","1.59","1.59","1.65","1.59","865.63K","0.00%"
"05/06/2018","1.59","1.65","1.66","1.58","629.34K","-1.80%"
"04/29/2018","1.62","1.68","1.70","1.61","739.07K","-4.17%"
"04/22/2018","1.69","1.83","1.84","1.67","1.16M","-6.37%"
"04/15/2018","1.81","1.74","1.88","1.71","1.83M","6.47%"
"04/08/2018","1.70","1.70","1.75","1.69","431.51K","-0.47%"
"04/01/2018","1.71","1.77","1.82","1.66","1.74M","-2.99%"
"03/25/2018","1.76","1.89","1.94","1.75","2.65M","-7.87%"
"03/18/2018","1.91","1.77","2.01","1.71","4.75M","7.76%"
"03/11/2018","1.77","1.91","1.91","1.75","534.42K","-7.72%"
"03/04/2018","1.92","1.95","1.99","1.87","836.01K","-2.27%"
"02/25/2018","1.96","1.96","2.04","1.94","200.58K","0.00%"
"02/18/2018","1.96","1.99","2.04","1.94","395.19K","-1.55%"
"02/11/2018","1.99","2.06","2.06","1.99","354.72K","-2.80%"
"02/04/2018","2.05","2.11","2.18","2.02","512.14K","-4.03%"
"01/28/2018","2.14","2.10","2.23","2.07","587.75K","2.92%"
"01/21/2018","2.08","2.13","2.13","2.03","210.62K","-2.81%"
"01/14/2018","2.14","2.12","2.20","2.08","143.00K","1.87%"
"01/07/2018","2.10","2.13","2.20","2.08","99.63K","-3.21%"
"12/31/2017","2.17","2.07","2.23","2.07","205.21K","0.94%"
"12/24/2017","2.15","2.19","2.23","2.02","293.64K","-3.81%"
"12/17/2017","2.23","2.34","2.42","2.16","575.51K","-3.07%"
"12/10/2017","2.30","2.10","2.49","2.10","1.06M","9.28%"
"12/03/2017","2.11","1.99","2.26","1.99","480.77K","6.87%"
"11/26/2017","1.97","1.96","1.99","1.88","516.93K","0.62%"
"11/19/2017","1.96","2.27","2.37","1.85","983.36K","-11.45%"
"11/12/2017","2.21","2.66","2.66","2.14","1.09M","-12.74%"
"11/05/2017","2.53","1.98","2.63","1.98","5.52M","27.91%"
"10/29/2017","1.98","1.94","2.02","1.89","614.93K","2.21%"
"10/22/2017","1.94","1.94","2.01","1.93","736.13K","-1.93%"
"10/15/2017","1.98","2.05","2.08","1.93","1.33M","-4.98%"
"10/08/2017","2.08","1.89","2.23","1.89","4.11M","10.61%"
"10/01/2017","1.88","1.86","1.93","1.81","1.28M","0.00%"
"09/24/2017","1.88","1.96","1.98","1.85","1.07M","-2.81%"
"09/17/2017","1.93","1.95","2.00","1.85","917.58K","0.00%"
"09/10/2017","1.93","1.97","2.04","1.89","975.40K","0.00%"
"09/03/2017","1.93","1.93","1.98","1.83","436.23K","3.41%"
"08/27/2017","1.87","1.93","1.93","1.77","677.27K","-2.93%"
"08/20/2017","1.92","2.08","2.12","1.81","1.79M","-8.73%"
"08/13/2017","2.11","2.12","2.31","2.01","4.32M","-0.96%"
"08/06/2017","2.13","1.97","2.17","1.95","2.45M","6.42%"
"07/30/2017","2.00","2.04","2.18","1.89","1.88M","-2.26%"
"07/23/2017","2.04","1.78","2.11","1.78","1.73M","13.08%"
"07/16/2017","1.81","1.95","1.95","1.77","1.34M","-4.01%"
"07/09/2017","1.88","1.71","2.20","1.71","4.71M","4.00%"
"07/02/2017","1.81","1.46","1.86","1.43","3.75M","21.10%"
"06/25/2017","1.50","1.50","1.50","1.46","245.91K","-0.84%"
"06/18/2017","1.51","1.44","1.54","1.34","1.40M","4.76%"
"06/11/2017","1.44","1.33","1.49","1.31","1.74M","12.09%"
"06/04/2017","1.28","1.38","1.39","1.27","544.10K","-7.31%"
"05/28/2017","1.39","1.37","1.41","1.35","98.86K","-1.24%"
"05/21/2017","1.40","1.41","1.53","1.37","1.43M","-5.67%"
"05/14/2017","1.49","1.11","1.58","1.11","3.72M","37.16%"
"05/07/2017","1.08","1.09","1.14","1.08","521.60K","-2.16%"
"04/30/2017","1.11","1.09","1.13","1.09","59.10K","0.00%"
"04/23/2017","1.10","1.31","1.31","1.07","614.54K","-14.90%"
"04/16/2017","1.30","1.35","1.35","1.27","699.59K","-1.40%"
"04/09/2017","1.32","1.27","1.43","1.27","2.33M","4.78%"
"04/02/2017","1.26","1.23","1.27","1.16","445.27K","4.59%"
"03/26/2017","1.20","1.23","1.31","1.16","1.73M","-4.65%"
"03/19/2017","1.26","1.29","1.31","1.20","1.66M","0.77%"
"03/12/2017","1.25","1.13","1.29","1.06","3.45M","16.14%"
"03/05/2017","1.08","0.99","1.09","0.97","1.45M","8.04%"
"02/26/2017","1.00","0.96","1.06","0.95","1.21M","1.81%"
"02/19/2017","0.98","1.08","1.08","0.95","995.05K","-10.88%"
"02/12/2017","1.10","1.00","1.16","1.00","2.84M","9.78%"
"02/05/2017","1.00","0.91","1.08","0.91","3.34M","10.05%"
"01/29/2017","0.91","0.93","0.93","0.91","71.14K","-1.71%"
"01/22/2017","0.92","0.95","0.95","0.89","63.56K","2.70%"
"01/15/2017","0.90","0.92","0.92","0.89","135.79K","1.30%"
"01/08/2017","0.89","0.91","0.91","0.85","77.86K","-2.00%"
"01/01/2017","0.91","0.96","0.96","0.90","194.86K","-0.68%"